{
  "IcoMoonType": "selection",
  "icons": [
    {
      "icon": {
        "paths": [
          "M864.827 128.518c17.695-16.937 41.243-26.301 65.674-26.115 24.431 0.186 47.835 9.907 65.273 27.111 17.439 17.205 27.547 40.547 28.193 65.102 0.647 24.555-8.222 48.403-24.732 66.509l-501.206 630.201c-8.619 9.334-19.021 16.823-30.584 22.022-11.563 5.198-24.051 7.999-36.714 8.235-12.665 0.236-25.247-2.098-36.993-6.863-11.747-4.765-22.417-11.862-31.373-20.868l-332.379-334.171c-9.256-8.671-16.68-19.128-21.83-30.748-5.149-11.618-7.918-24.161-8.141-36.879s2.104-25.351 6.842-37.145c4.738-11.794 11.791-22.509 20.737-31.503 8.946-8.994 19.603-16.085 31.334-20.849s24.296-7.103 36.946-6.879c12.65 0.224 25.125 3.009 36.682 8.185 11.556 5.177 21.958 12.641 30.583 21.947l263.039 264.331 436.263-558.846c0.785-0.972 1.624-1.9 2.512-2.779h-0.125z"
        ],
        "attrs": [],
        "isMulticolor": false,
        "isMulticolor2": false,
        "grid": 0,
        "tags": [
          "check"
        ],
        "colorPermutations": {}
      },
      "attrs": [],
      "properties": {
        "order": 16,
        "id": 5,
        "name": "check",
        "prevSize": 32
      },
      "setIdx": 0,
      "setId": 3,
      "iconIdx": 0
    },
    {
      "icon": {
        "paths": [
          "M1024 103.131l-103.131-103.131-408.869 408.869-408.869-408.869-103.131 103.131 408.869 408.869-408.869 408.869 103.131 103.131 408.869-408.869 408.869 408.869 103.131-103.131-408.869-408.869 408.869-408.869z"
        ],
        "attrs": [],
        "isMulticolor": false,
        "isMulticolor2": false,
        "grid": 0,
        "tags": [
          "close"
        ],
        "colorPermutations": {}
      },
      "attrs": [],
      "properties": {
        "order": 11,
        "id": 4,
        "name": "close",
        "prevSize": 32
      },
      "setIdx": 0,
      "setId": 3,
      "iconIdx": 1
    },
    {
      "icon": {
        "paths": [
          "M640 256h-512c-35.2 0-63.68 28.8-63.68 64l-0.32 384c0 35.2 28.8 64 64 64h512c35.2 0 64-28.8 64-64v-384c0-35.2-28.8-64-64-64zM627.2 392l-226.24 141.44c-10.24 6.4-23.68 6.4-33.92 0l-226.24-141.44c-8-5.12-12.8-13.76-12.8-23.040 0-21.44 23.36-34.24 41.6-23.040l214.4 134.080 214.4-134.080c18.24-11.2 41.6 1.6 41.6 23.040 0 9.28-4.8 17.92-12.8 23.040z"
        ],
        "attrs": [],
        "width": 768,
        "isMulticolor": false,
        "isMulticolor2": false,
        "grid": 0,
        "tags": [
          "email"
        ],
        "colorPermutations": {}
      },
      "attrs": [],
      "properties": {
        "order": 12,
        "id": 3,
        "name": "email",
        "prevSize": 32
      },
      "setIdx": 0,
      "setId": 3,
      "iconIdx": 2
    },
    {
      "icon": {
        "paths": [
          "M512 512c94.293 0 170.667-76.373 170.667-170.667s-76.373-170.667-170.667-170.667c-94.293 0-170.667 76.373-170.667 170.667s76.373 170.667 170.667 170.667zM512 597.333c-113.92 0-341.333 57.173-341.333 170.667v42.667c0 23.467 19.2 42.667 42.667 42.667h597.333c23.467 0 42.667-19.2 42.667-42.667v-42.667c0-113.493-227.413-170.667-341.333-170.667z"
        ],
        "attrs": [],
        "isMulticolor": false,
        "isMulticolor2": false,
        "grid": 0,
        "tags": [
          "person"
        ],
        "colorPermutations": {}
      },
      "attrs": [],
      "properties": {
        "order": 13,
        "id": 2,
        "name": "person",
        "prevSize": 32
      },
      "setIdx": 0,
      "setId": 3,
      "iconIdx": 3
    },
    {
      "icon": {
        "paths": [
          "M628.322 591.578l-78.43-8.956c-18.833-2.159-37.359 4.326-50.637 17.6l-56.815 56.815c-87.381-44.463-159.016-115.789-203.479-203.477l57.122-57.125c13.277-13.277 19.761-31.803 17.6-50.639l-8.954-77.81c-3.705-31.186-29.951-54.653-61.445-54.653h-53.417c-34.891 0-63.916 29.024-61.754 63.916 16.365 263.692 227.255 474.273 490.634 490.636 34.893 2.163 63.915-26.863 63.915-61.751v-53.419c0.311-31.185-23.155-57.429-54.34-61.137z"
        ],
        "attrs": [],
        "width": 768,
        "isMulticolor": false,
        "isMulticolor2": false,
        "grid": 0,
        "tags": [
          "phone"
        ],
        "colorPermutations": {}
      },
      "attrs": [],
      "properties": {
        "order": 14,
        "id": 1,
        "name": "phone",
        "prevSize": 32
      },
      "setIdx": 0,
      "setId": 3,
      "iconIdx": 4
    },
    {
      "icon": {
        "paths": [
          "M1024 85.333l-1024 480 327.251 101.001 504.749-394.334-383.927 431.629 0.311 0.098-0.384-0.098v235.038l183.522-178.419 232.482 71.753 159.996-746.667z"
        ],
        "attrs": [],
        "isMulticolor": false,
        "isMulticolor2": false,
        "grid": 0,
        "tags": [
          "send"
        ],
        "colorPermutations": {}
      },
      "attrs": [],
      "properties": {
        "order": 15,
        "id": 0,
        "name": "send",
        "prevSize": 32
      },
      "setIdx": 0,
      "setId": 3,
      "iconIdx": 5
    }
  ],
  "height": 1024,
  "preferences": {
    "showGlyphs": true,
    "showQuickUse": true,
    "showQuickUse2": true,
    "showSVGs": true,
    "fontPref": {
      "prefix": "icon-",
      "metadata": {
        "fontFamily": "icomoon"
      },
      "metrics": {
        "emSize": 1024,
        "baseline": 6.25,
        "whitespace": 50
      },
      "embed": false
    },
    "imagePref": {
      "prefix": "icon-",
      "png": true,
      "useClassSelector": true,
      "color": 0,
      "bgColor": 16777215,
      "classSelector": ".icon",
      "name": "icomoon"
    },
    "historySize": 50,
    "showCodes": true,
    "gridSize": 16
  }
}